{
  "boundary":
  {
    "area": 2407.550622,
    "avg_pt_per_sq_unit": 2.214325169,
    "avg_pt_spacing": 0.8698364971,
    "boundary": "MULTIPOLYGON (((576715.94 5188133.4,576720.94 5188136.9,576719.44 5188139.5,576723.44 5188139.5,576723.44 5188143.0,576726.94 5188147.3,576726.44 5188149.9,576728.44 5188153.4,576731.44 5188151.6,576732.94 5188152.5,576732.44 5188155.1,576729.44 5188156.8,576729.94 5188161.1,576727.94 5188162.9,576729.94 5188164.6,576727.94 5188166.3,576729.94 5188168.1,576728.44 5188170.7,576730.94 5188169.8,576731.44 5188167.2,576734.44 5188165.5,576736.94 5188166.3,576738.94 5188162.9,576735.44 5188160.3,576737.44 5188156.8,576739.94 5188157.7,576740.44 5188155.1,576743.44 5188158.6,576744.94 5188156.0,576748.94 5188157.7,576750.94 5188156.0,576753.44 5188156.8,576752.44 5188153.4,576757.94 5188154.2,576759.94 5188150.8,576762.94 5188150.8,576760.94 5188154.2,576762.44 5188156.8,576759.94 5188157.7,576759.44 5188160.3,576755.44 5188162.0,576754.94 5188164.6,576750.94 5188164.6,576752.44 5188167.2,576749.44 5188167.2,576748.94 5188171.5,576744.94 5188169.8,576745.94 5188173.3,576743.44 5188174.1,576742.94 5188176.7,576740.44 5188175.9,576741.44 5188179.3,576737.44 5188179.3,576735.44 5188182.8,576735.94 5188187.1,576733.94 5188190.6,576735.94 5188192.3,576735.94 5188195.8,576738.94 5188195.8,576735.44 5188200.1,576738.44 5188200.1,576739.94 5188197.5,576741.94 5188201.0,576741.94 5188204.5,576744.44 5188200.1,576744.44 5188203.6,576746.44 5188205.3,576741.94 5188206.2,576741.44 5188208.8,576737.44 5188207.0,576735.44 5188210.5,576733.94 5188207.9,576729.94 5188209.6,576729.44 5188207.0,576725.44 5188205.3,576724.94 5188202.7,576722.44 5188203.6,576720.44 5188198.4,576717.94 5188197.5,576718.94 5188194.1,576714.94 5188194.1,576710.44 5188191.5,576709.94 5188188.9,576707.44 5188189.7,576708.94 5188187.1,576705.94 5188185.4,576705.44 5188182.8,576702.94 5188185.4,576700.94 5188181.9,576696.94 5188181.9,576699.94 5188176.7,576696.44 5188174.1,576692.44 5188174.1,576692.44 5188170.7,576687.44 5188162.0,576684.94 5188161.1,576682.94 5188157.7,576683.44 5188155.1,576688.94 5188154.2,576687.44 5188151.6,576693.44 5188148.2,576693.94 5188145.6,576697.94 5188145.6,576696.94 5188149.0,576699.44 5188148.2,576699.44 5188141.2,576705.94 5188136.9,576708.94 5188138.6,576708.94 5188142.1,576706.94 5188143.8,576702.94 5188143.8,576702.94 5188147.3,576700.94 5188149.0,576704.44 5188149.9,576702.94 5188154.2,576706.94 5188154.2,576707.44 5188151.6,576711.44 5188153.4,576709.94 5188150.8,576711.94 5188149.0,576711.44 5188146.4,576713.44 5188144.7,576712.94 5188140.4,576714.94 5188138.6,576712.94 5188136.9,576715.94 5188133.4),(576750.94 5188159.4,576749.44 5188162.0,576749.44 5188158.6,576751.94 5188157.7,576753.94 5188159.4,576750.94 5188159.4),(576711.94 5188162.9,576708.44 5188167.2,576708.94 5188169.8,576706.94 5188173.3,576701.44 5188174.1,576699.44 5188168.9,576702.44 5188167.2,576702.94 5188164.6,576705.44 5188163.7,576706.94 5188166.3,576708.94 5188162.9,576712.94 5188161.1,576711.94 5188162.9),(576740.44 5188165.5,576740.44 5188163.7,576742.94 5188162.9,576742.94 5188166.3,576740.44 5188165.5),(576719.44 5188186.3,576717.94 5188188.9,576717.94 5188183.7,576720.44 5188184.5,576719.44 5188186.3),(576731.44 5188188.0,576731.44 5188196.7,576729.94 5188197.5,576726.44 5188194.9,576729.94 5188192.3,576729.44 5188186.3,576732.44 5188182.8,576732.94 5188187.1,576731.44 5188188.0)),((576709.94 5188135.2,576711.94 5188136.9,576711.44 5188139.5,576708.44 5188136.0,576709.94 5188135.2)),((576757.94 5188142.1,576759.94 5188143.8,576759.44 5188146.4,576755.44 5188146.4,576755.44 5188143.0,576757.94 5188142.1)),((576748.94 5188178.5,576750.94 5188180.2,576750.44 5188182.8,576747.44 5188179.3,576748.94 5188178.5)))",
    "boundary_json": { "type": "MultiPolygon", "coordinates": [ [ [ [ 576715.940000009955838, 5188133.435916890390217 ], [ 576720.940000009955838, 5188136.900018500164151 ], [ 576719.440000009955838, 5188139.498094719834626 ], [ 576723.440000009955838, 5188139.498094719834626 ], [ 576723.440000009955838, 5188142.96219632960856 ], [ 576726.939999999944121, 5188147.292323349975049 ], [ 576726.439999999944121, 5188149.890399560332298 ], [ 576728.439999999944121, 5188153.35450118035078 ], [ 576731.439999999944121, 5188151.622450370341539 ], [ 576732.939999999944121, 5188152.488475769758224 ], [ 576732.439999999944121, 5188155.086551980115473 ], [ 576729.439999999944121, 5188156.818602790124714 ], [ 576729.939999999944121, 5188161.148729809559882 ], [ 576727.939999999944121, 5188162.880780619569123 ], [ 576729.939999999944121, 5188164.612831429578364 ], [ 576727.939999999944121, 5188166.344882230274379 ], [ 576729.939999999944121, 5188168.07693304028362 ], [ 576728.439999999944121, 5188170.675009249709547 ], [ 576730.939999999944121, 5188169.808983850292861 ], [ 576731.439999999944121, 5188167.210907639935613 ], [ 576734.439999999944121, 5188165.478856829926372 ], [ 576736.939999999944121, 5188166.344882230274379 ], [ 576738.939999999944121, 5188162.880780619569123 ], [ 576735.439999999944121, 5188160.282704410143197 ], [ 576737.439999999944121, 5188156.818602790124714 ], [ 576739.939999999944121, 5188157.684628199785948 ], [ 576740.439999999944121, 5188155.086551980115473 ], [ 576743.439999999944121, 5188158.550653600133955 ], [ 576744.939999999944121, 5188155.952577389776707 ], [ 576748.939999999944121, 5188157.684628199785948 ], [ 576750.939999999944121, 5188155.952577389776707 ], [ 576753.439999999944121, 5188156.818602790124714 ], [ 576752.439999999944121, 5188153.35450118035078 ], [ 576757.939999999944121, 5188154.220526579767466 ], [ 576759.939999999944121, 5188150.756424969993532 ], [ 576762.939999999944121, 5188150.756424969993532 ], [ 576760.939999999944121, 5188154.220526579767466 ], [ 576762.439999999944121, 5188156.818602790124714 ], [ 576759.939999999944121, 5188157.684628199785948 ], [ 576759.439999999944121, 5188160.282704410143197 ], [ 576755.439999999944121, 5188162.014755209907889 ], [ 576754.939999999944121, 5188164.612831429578364 ], [ 576750.939999999944121, 5188164.612831429578364 ], [ 576752.439999999944121, 5188167.210907639935613 ], [ 576749.439999999944121, 5188167.210907639935613 ], [ 576748.939999999944121, 5188171.541034660302103 ], [ 576744.939999999944121, 5188169.808983850292861 ], [ 576745.939999999944121, 5188173.273085460066795 ], [ 576743.439999999944121, 5188174.139110869728029 ], [ 576742.939999999944121, 5188176.737187080085278 ], [ 576740.439999999944121, 5188175.87116167973727 ], [ 576741.439999999944121, 5188179.335263290442526 ], [ 576737.439999999944121, 5188179.335263290442526 ], [ 576735.439999999944121, 5188182.799364910461009 ], [ 576735.939999999944121, 5188187.129491919651628 ], [ 576733.939999999944121, 5188190.59359353967011 ], [ 576735.939999999944121, 5188192.325644349679351 ], [ 576735.939999999944121, 5188195.789745960384607 ], [ 576738.939999999944121, 5188195.789745960384607 ], [ 576735.439999999944121, 5188200.119872979819775 ], [ 576738.439999999944121, 5188200.119872979819775 ], [ 576739.939999999944121, 5188197.521796770393848 ], [ 576741.939999999944121, 5188200.985898380167782 ], [ 576741.939999999944121, 5188204.450000000186265 ], [ 576744.439999999944121, 5188200.119872979819775 ], [ 576744.439999999944121, 5188203.583974599838257 ], [ 576746.439999999944121, 5188205.31602539960295 ], [ 576741.939999999944121, 5188206.182050810195506 ], [ 576741.439999999944121, 5188208.780127019621432 ], [ 576737.439999999944121, 5188207.048076209612191 ], [ 576735.439999999944121, 5188210.512177829630673 ], [ 576733.939999999944121, 5188207.914101620204747 ], [ 576729.939999999944121, 5188209.64615241996944 ], [ 576729.439999999944121, 5188207.048076209612191 ], [ 576725.439999999944121, 5188205.31602539960295 ], [ 576724.940000009955838, 5188202.717949190177023 ], [ 576722.440000009955838, 5188203.583974599838257 ], [ 576720.440000009955838, 5188198.387822169810534 ], [ 576717.940000009955838, 