{
    "wall_times": {
        "compute_reconstructions": 6.5825769901275635, 
        "compute_image_pairs": 3.736288070678711, 
        "load_tracks_graph": 0.0016109943389892578
    }, 
    "reconstructions": [
        {
            "bootstrap": {
                "memory_usage": 90271744, 
                "image_pair": [
                    "DJI_0029.JPG", 
                    "DJI_0030.JPG"
                ], 
                "decision": "Success", 
                "triangulated_points": 271, 
                "two_view_reconstruction": {
                    "5_point_inliers": 268, 
                    "plane_based_inliers": 270, 
                    "method": "plane_based"
                }, 
                "common_tracks": 271
            }, 
            "stats": {
                "average_track_length": 2.655703289013296, 
                "points_count": 1429, 
                "observations_count": 3795, 
                "cameras_count": 12, 
                "average_track_length_notwo": 3.667259786476868
            }, 
            "grow": {
                "steps": [
                    {
                        "resection": {
                            "num_inliers": 105, 
                            "num_common_points": 111
                        }, 
                        "retriangulation": {
                            "num_points_after": 501, 
                            "num_points_before": 497, 
                            "wall_time": 0.26960015296936035
                        }, 
                        "memory_usage": 91381760, 
                        "image": "DJI_0028.JPG", 
                        "bundle": {
                            "wall_times": {
                                "teardown": 0.015708208084106445, 
                                "setup": 0.02413487434387207, 
                                "run": 0.07506299018859863
                            }, 
                            "brief_report": "Ceres Solver Report: Iterations: 9, Initial cost: 2.672938e+00, Final cost: 1.600934e+00, Termination: CONVERGENCE"
                        }, 
                        "triangulated_points": 231, 
                        "bundle_after_retriangulation": {
                            "wall_times": {
                                "teardown": 0.015086174011230469, 
                                "setup": 0.024178028106689453, 
                                "run": 0.033737897872924805
                            }, 
                            "brief_report": "Ceres Solver Report: Iterations: 3, Initial cost: 2.337432e+00, Final cost: 1.606861e+00, Termination: CONVERGENCE"
                        }
                    }, 
                    {
                        "resection": {
                            "num_inliers": 113, 
                            "num_common_points": 124
                        }, 
                        "retriangulation": {
                            "num_points_after": 694, 
                            "num_points_before": 681, 
                            "wall_time": 0.37052488327026367
                        }, 
                        "memory_usage": 92450816, 
                        "image": "DJI_0031.JPG", 
                        "bundle": {
                            "wall_times": {
                                "teardown": 0.021456003189086914, 
                                "setup": 0.033937931060791016, 
                                "run": 0.10012698173522949
                            }, 
                            "brief_report": "Ceres Solver Report: Iterations: 8, Initial cost: 3.044596e+00, Final cost: 2.459703e+00, Termination: CONVERGENCE"
                        }, 
                        "triangulated_points": 195, 
                        "bundle_after_retriangulation": {
                            "wall_times": {
                                "teardown": 0.02118206024169922, 
                                "setup": 0.033663034439086914, 
                                "run": 0.06059694290161133
                            }, 
                            "brief_report": "Ceres Solver Report: Iterations: 4, Initial cost: 4.721378e+00, Final cost: 3.110346e+00, Termination: CONVERGENCE"
                        }
                    }, 
                    {
                        "resection": {
                            "num_inliers": 124, 
                            "num_common_points": 149
                        }, 
                        "retriangulation": {
                            "num_points_after": 860, 
                            "num_points_before": 845, 
                            "wall_time": 0.4598348140716553
                        }, 
                        "memory_usage": 93265920, 
                        "image": "DJI_0027.JPG", 
                        "bundle": {
                            "wall_times": {
                                "teardown": 0.02711009979248047, 
                                "setup": 0.04294610023498535, 
                                "run": 0.11832094192504883
                            }, 
                            "brief_report": "Ceres Solver Report: Iterations: 7, Initial cost: 4.139358e+00, Final cost: 3.480082e+00, Termination: CONVERGENCE"
                        }, 
                        "triangulated_points": 168, 
                        "bundle_after_retriangulation": {
                            "wall_times": {
                                "teardown": 0.02626204490661621, 
                                "setup": 0.043441057205200195, 
                                "run": 0.09309792518615723
                            }, 
                            "brief_report": "Ceres Solver Report: Iterations: 5, Initial cost: 7.018834e+00, Final cost: 4.458387e+00, Termination: CONVERGENCE"
                        }
                    }, 
                    {
                        "resection": {
                            "num_inliers": 102, 
                            "num_common_points": 119
                        }, 
                        "image": "DJI_0032.JPG", 
                        "memory_usage": 94072832, 
                        "triangulated_points": 142
                    }, 
                    {
                        "resection": {
                            "num_inliers": 103, 
                            "num_common_points": 111
                        }, 
                        "retriangulation": {
                            "num_points_after": 1172, 
                            "num_points_before": 1155, 
                            "wall_time": 0.669583797454834
                        }, 
                        "memory_usage": 94072832, 
                        "image": "DJI_0026.JPG", 
                        "bundle": {
                            "wall_times": {
                                "teardown": 0.0371251106262207, 
                                "setup": 0.06026887893676758, 
                                "run": 0.16656899452209473
                            }, 
                            "brief_report": "Ceres Solver Report: Iterations: 7, Initial cost: 6.609083e+00, Final cost: 5.255675e+00, Termination: CONVERGENCE"
                        }, 
                        "triangulated_points": 171, 
                        "bundle_after_retriangulation": {
                            "wall_times": {
                                "teardown": 0.03611588478088379, 
                                "setup": 0.06077003479003906, 
                                "run": 0.13281512260437012
                            },