{
    "wall_times": {
        "load_matches": 0.023545026779174805, 
        "compute_tracks": 0.19263195991516113, 
        "load_features": 0.26609301567077637
    }, 
    "num_images": 12, 
    "view_graph": [
        [
            "DJI_0021.JPG", 
            "DJI_0031.JPG", 
            2
        ], 
        [
            "DJI_0021.JPG", 
            "DJI_0026.JPG", 
            53
        ], 
        [
            "DJI_0021.JPG", 
            "DJI_0032.JPG", 
            21
        ], 
        [
            "DJI_0021.JPG", 
            "DJI_0019.JPG", 
            17
        ], 
        [
            "DJI_0021.JPG", 
            "DJI_0022.JPG", 
            59
        ], 
        [
            "DJI_0021.JPG", 
            "DJI_0027.JPG", 
            20
        ], 
        [
            "DJI_0021.JPG", 
            "DJI_0020.JPG", 
            70
        ], 
        [
            "DJI_0021.JPG", 
            "DJI_0028.JPG", 
            3
        ], 
        [
            "DJI_0018.JPG", 
            "DJI_0031.JPG", 
            41
        ], 
        [
            "DJI_0018.JPG", 
            "DJI_0032.JPG", 
            10
        ], 
        [
            "DJI_0018.JPG", 
            "DJI_0019.JPG", 
            106
        ], 
        [
            "DJI_0018.JPG", 
            "DJI_0030.JPG", 
            73
        ], 
        [
            "DJI_0018.JPG", 
            "DJI_0027.JPG", 
            33
        ], 
        [
            "DJI_0018.JPG", 
            "DJI_0029.JPG", 
            138
        ], 
        [
            "DJI_0018.JPG", 
            "DJI_0020.JPG", 
            13
        ], 
        [
            "DJI_0018.JPG", 
            "DJI_0028.JPG", 
            88
        ], 
        [
            "DJI_0031.JPG", 
            "DJI_0021.JPG", 
            2
        ], 
        [
            "DJI_0031.JPG", 
            "DJI_0018.JPG", 
            41
        ], 
        [
            "DJI_0031.JPG", 
            "DJI_0026.JPG", 
            71
        ], 
        [
            "DJI_0031.JPG", 
            "DJI_0032.JPG", 
            190
        ], 
        [
            "DJI_0031.JPG", 
            "DJI_0019.JPG", 
            43
        ], 
        [
            "DJI_0031.JPG", 
            "DJI_0030.JPG", 
            230
        ], 
        [
            "DJI_0031.JPG", 
            "DJI_0027.JPG", 
            163
        ], 
        [
            "DJI_0031.JPG", 
            "DJI_0029.JPG", 
            101
        ], 
        [
            "DJI_0031.JPG", 
            "DJI_0020.JPG", 
            17
        ], 
        [
            "DJI_0031.JPG", 
            "DJI_0028.JPG", 
            174
        ], 
        [
            "DJI_0026.JPG", 
            "DJI_0021.JPG", 
            53
        ], 
        [
            "DJI_0026.JPG", 
            "DJI_0031.JPG", 
            71
        ], 
        [
            "DJI_0026.JPG", 
            "DJI_0032.JPG", 
            179
        ], 
        [
            "DJI_0026.JPG", 
            "DJI_0019.JPG", 
            11
        ], 
        [
            "DJI_0026.JPG", 
            "DJI_0022.JPG", 
            40
        ], 
        [
            "DJI_0026.JPG", 
            "DJI_0027.JPG", 
            160
        ], 
        [
            "DJI_0026.JPG", 
            "DJI_0020.JPG", 
            47
        ], 
        [
            "DJI_0026.JPG", 
            "DJI_0028.JPG", 
            43
        ], 
        [
            "DJI_0032.JPG", 
            "DJI_0021.JPG", 
            21
        ], 
        [
            "DJI_0032.JPG", 
            "DJI_0018.JPG", 
            10
        ], 
        [
            "DJI_0032.JPG", 
            "DJI_0031.JPG", 
            190
        ], 
        [
            "DJI_0032.JPG", 
            "DJI_0026.JPG", 
            179
        ], 
        [
            "DJI_0032.JPG", 
            "DJI_0019.JPG", 
            23
        ], 
        [
            "DJI_0032.JPG", 
            "DJI_0022.JPG", 
            18
        ], 
        [
            "DJI_0032.JPG", 
            "DJI_0030.JPG", 
            37
        ], 
        [
            "DJI_0032.JPG", 
            "DJI_0027.JPG", 
            140
        ], 
        [
            "DJI_0032.JPG", 
            "DJI_0029.JPG", 
            15
        ], 
        [
            "DJI_0032.JPG", 
            "DJI_0020.JPG", 
            32
        ], 
        [
            "DJI_0032.JPG", 
            "DJI_0028.JPG", 
            73
        ], 
        [
            "DJI_0019.JPG", 
            "DJI_0021.JPG", 
            17
        ], 
        [
            "DJI_0019.JPG", 
            "DJI_0018.JPG", 
            106
        ], 
        [
            "DJI_0019.JPG", 
            "DJI_0031.JPG", 
            43
        ], 
        [
            "DJI_0019.JPG", 
            "DJI_0026.JPG", 
            11
        ], 
        [
            "DJI_0019.JPG", 
            "DJI_0032.JPG", 
            23
        ], 
        [
            "DJI_0019.JPG", 
            "DJI_0030.JPG", 
            42
        ], 
        [
            "DJI_0019.JPG", 
            "DJI_0027.JPG", 
            68
        ], 
        [
            "DJI_0019.JPG", 
            "DJI_0029.JPG", 
            61
        ], 
        [
            "DJI_0019.JPG", 
            "DJI_0020.JPG", 
            85
        ], 
        [
            "DJI_0019.JPG", 
            "DJI_0028.JPG", 
            95
        ], 
        [
            "DJI_0022.JPG", 
            "DJI_0021.JPG", 
            59
        ], 
        [
            "DJI_0022.JPG", 
            "DJI_0026.JPG", 
            40
        ], 
        [
            "DJI_0022.JPG", 
            "DJI_0032.JPG", 
            18
        ], 
        [
            "DJI_0022.JPG", 
            "DJI_0027.JPG", 
            6
        ], 
        [
            "DJI_0022.JPG", 
            "DJI_0020.JPG", 
            29
        ], 
        [
            "DJI_0030.JPG", 
            "DJI_0018.JPG", 
            73
        ], 
        [
            "DJI_0030.JPG", 
            "DJI_0031.JPG", 
            230
        ], 
        [
            "DJI_0030.JPG", 
            "DJI_0032.JPG", 
            37
        ], 
        [
            "DJI_0030.JPG", 
            "DJI_0019.JPG", 
            42
        ], 
        [
            "DJI_0030.JPG", 
            "DJI_0027.JPG", 
            80
        ], 
        [
            "DJI_0030.JPG", 
            "DJI_0029.JPG", 
            271
        ], 
        [
            "DJI_0030.JPG", 
            "DJI_0020.JPG", 
            2
        ], 
        [
            "DJI_0030.JPG", 
            "DJI_0028.JPG", 
            189
        ], 
        [
            "DJI_0027.JPG", 
            "DJI_0021.JPG", 
            20
        ], 
        [
            "DJI_0027.JPG", 
            "DJI_0018.JPG", 
            33
        ], 
        [
            "DJI_0027.JPG", 
            "DJI_0031.JPG", 
            163
        ], 
        [
            "DJI_0027.JPG", 
            "DJI_0026.JPG", 
            160
        ], 
        [
            "DJI_0027.JPG", 
            "DJI_0032.JPG", 
            140
        ], 
        [
            "DJI_0027.JPG", 
            "DJI_0019.JPG", 
            68
        ], 
        [
            "DJI_0027.JPG", 
            "DJI_0022.JPG", 
            6
        ], 
        [
            "DJI_0027.JPG", 
            "DJI_0030.JPG", 
            80
        ], 
        [
            "DJI_0027.JPG", 
            "DJI_0029.JPG", 
            86
        ], 
        [
            "DJI_0027.JPG", 
            "DJI_0020.JPG", 
            58
        ], 
        [
            "DJI_0027.JPG", 
            "DJI_0028.JPG", 
            225
        ], 
        [
            "DJI_0029.JPG", 
            "DJI_0018.JPG", 
            138
        ], 
        [
            "DJI_0029.JPG", 
            "DJI_0031.JPG", 
            101
        ], 
        [
            "DJI_0029.JPG", 
            "DJI_0032.JPG", 
