{
    "wall_times": {
        "load_matches": 0.027744054794311523, 
        "compute_tracks": 0.20852398872375488, 
        "load_features": 0.257796049118042
    }, 
    "num_images": 12, 
    "view_graph": [
        [
            "DJI_0035.JPG", 
            "DJI_0021.JPG", 
            5
        ], 
        [
            "DJI_0035.JPG", 
            "DJI_0024.JPG", 
            193
        ], 
        [
            "DJI_0035.JPG", 
            "DJI_0026.JPG", 
            16
        ], 
        [
            "DJI_0035.JPG", 
            "DJI_0033.JPG", 
            85
        ], 
        [
            "DJI_0035.JPG", 
            "DJI_0023.JPG", 
            76
        ], 
        [
            "DJI_0035.JPG", 
            "DJI_0022.JPG", 
            20
        ], 
        [
            "DJI_0035.JPG", 
            "DJI_0034.JPG", 
            230
        ], 
        [
            "DJI_0035.JPG", 
            "DJI_0025.JPG", 
            113
        ], 
        [
            "DJI_0021.JPG", 
            "DJI_0035.JPG", 
            5
        ], 
        [
            "DJI_0021.JPG", 
            "DJI_0024.JPG", 
            12
        ], 
        [
            "DJI_0021.JPG", 
            "DJI_0026.JPG", 
            51
        ], 
        [
            "DJI_0021.JPG", 
            "DJI_0033.JPG", 
            28
        ], 
        [
            "DJI_0021.JPG", 
            "DJI_0023.JPG", 
            11
        ], 
        [
            "DJI_0021.JPG", 
            "DJI_0032.JPG", 
            15
        ], 
        [
            "DJI_0021.JPG", 
            "DJI_0022.JPG", 
            60
        ], 
        [
            "DJI_0021.JPG", 
            "DJI_0034.JPG", 
            37
        ], 
        [
            "DJI_0021.JPG", 
            "DJI_0027.JPG", 
            8
        ], 
        [
            "DJI_0021.JPG", 
            "DJI_0025.JPG", 
            54
        ], 
        [
            "DJI_0024.JPG", 
            "DJI_0035.JPG", 
            193
        ], 
        [
            "DJI_0024.JPG", 
            "DJI_0021.JPG", 
            12
        ], 
        [
            "DJI_0024.JPG", 
            "DJI_0026.JPG", 
            29
        ], 
        [
            "DJI_0024.JPG", 
            "DJI_0033.JPG", 
            67
        ], 
        [
            "DJI_0024.JPG", 
            "DJI_0023.JPG", 
            110
        ], 
        [
            "DJI_0024.JPG", 
            "DJI_0022.JPG", 
            35
        ], 
        [
            "DJI_0024.JPG", 
            "DJI_0034.JPG", 
            155
        ], 
        [
            "DJI_0024.JPG", 
            "DJI_0025.JPG", 
            189
        ], 
        [
            "DJI_0031.JPG", 
            "DJI_0026.JPG", 
            74
        ], 
        [
            "DJI_0031.JPG", 
            "DJI_0033.JPG", 
            40
        ], 
        [
            "DJI_0031.JPG", 
            "DJI_0032.JPG", 
            203
        ], 
        [
            "DJI_0031.JPG", 
            "DJI_0027.JPG", 
            145
        ], 
        [
            "DJI_0031.JPG", 
            "DJI_0025.JPG", 
            7
        ], 
        [
            "DJI_0026.JPG", 
            "DJI_0035.JPG", 
            16
        ], 
        [
            "DJI_0026.JPG", 
            "DJI_0021.JPG", 
            51
        ], 
        [
            "DJI_0026.JPG", 
            "DJI_0024.JPG", 
            29
        ], 
        [
            "DJI_0026.JPG", 
            "DJI_0031.JPG", 
            74
        ], 
        [
            "DJI_0026.JPG", 
            "DJI_0033.JPG", 
            190
        ], 
        [
            "DJI_0026.JPG", 
            "DJI_0023.JPG", 
            1
        ], 
        [
            "DJI_0026.JPG", 
            "DJI_0032.JPG", 
            177
        ], 
        [
            "DJI_0026.JPG", 
            "DJI_0022.JPG", 
            37
        ], 
        [
            "DJI_0026.JPG", 
            "DJI_0034.JPG", 
            119
        ], 
        [
            "DJI_0026.JPG", 
            "DJI_0027.JPG", 
            158
        ], 
        [
            "DJI_0026.JPG", 
            "DJI_0025.JPG", 
            219
        ], 
        [
            "DJI_0033.JPG", 
            "DJI_0035.JPG", 
            85
        ], 
        [
            "DJI_0033.JPG", 
            "DJI_0021.JPG", 
            28
        ], 
        [
            "DJI_0033.JPG", 
            "DJI_0024.JPG", 
            67
        ], 
        [
            "DJI_0033.JPG", 
            "DJI_0031.JPG", 
            40
        ], 
        [
            "DJI_0033.JPG", 
            "DJI_0026.JPG", 
            190
        ], 
        [
            "DJI_0033.JPG", 
            "DJI_0023.JPG", 
            7
        ], 
        [
            "DJI_0033.JPG", 
            "DJI_0032.JPG", 
            152
        ], 
        [
            "DJI_0033.JPG", 
            "DJI_0022.JPG", 
            27
        ], 
        [
            "DJI_0033.JPG", 
            "DJI_0034.JPG", 
            271
        ], 
        [
            "DJI_0033.JPG", 
            "DJI_0027.JPG", 
            57
        ], 
        [
            "DJI_0033.JPG", 
            "DJI_0025.JPG", 
            234
        ], 
        [
            "DJI_0023.JPG", 
            "DJI_0035.JPG", 
            76
        ], 
        [
            "DJI_0023.JPG", 
            "DJI_0021.JPG", 
            11
        ], 
        [
            "DJI_0023.JPG", 
            "DJI_0024.JPG", 
            110
        ], 
        [
            "DJI_0023.JPG", 
            "DJI_0026.JPG", 
            1
        ], 
        [
            "DJI_0023.JPG", 
            "DJI_0033.JPG", 
            7
        ], 
        [
            "DJI_0023.JPG", 
            "DJI_0022.JPG", 
            53
        ], 
        [
            "DJI_0023.JPG", 
            "DJI_0034.JPG", 
            34
        ], 
        [
            "DJI_0023.JPG", 
            "DJI_0025.JPG", 
            41
        ], 
        [
            "DJI_0032.JPG", 
            "DJI_0021.JPG", 
            15
        ], 
        [
            "DJI_0032.JPG", 
            "DJI_0031.JPG", 
            203
        ], 
        [
            "DJI_0032.JPG", 
            "DJI_0026.JPG", 
            177
        ], 
        [
            "DJI_0032.JPG", 
            "DJI_0033.JPG", 
            152
        ], 
        [
            "DJI_0032.JPG", 
            "DJI_0022.JPG", 
            13
        ], 
        [
            "DJI_0032.JPG", 
            "DJI_0034.JPG", 
            65
        ], 
        [
            "DJI_0032.JPG", 
            "DJI_0027.JPG", 
            127
        ], 
        [
            "DJI_0032.JPG", 
            "DJI_0025.JPG", 
            93
        ], 
        [
            "DJI_0022.JPG", 
            "DJI_0035.JPG", 
            20
        ], 
        [
            "DJI_0022.JPG", 
            "DJI_0021.JPG", 
            60
        ], 
        [
            "DJI_0022.JPG", 
            "DJI_0024.JPG", 
            35
        ], 
        [
            "DJI_0022.JPG", 
            "DJI_0026.JPG", 
            37
        ], 
        [
            "DJI_0022.JPG", 
            "DJI_0033.JPG", 
            27
        ], 
        [
            "DJI_0022.JPG", 
            "DJI_0023.JPG", 
            53
        ], 
        [
            "DJI_0022.JPG", 
            "DJI_0032.JPG", 
            13
        ], 
        [
            "DJI_0022.JPG", 
            "DJI_0034.JPG", 
            44
        ], 
        [
            "DJI_0022.JPG", 
            "DJI_0027.JPG", 
            5
        ], 
        [
            "DJI_0022.JPG", 
            "DJI_0025.JPG", 
            66
        ], 
        [
            "DJI_0034.JPG", 
            "DJI_0035.JPG", 
            230
        ], 
        [
            "DJI_0034.JPG", 
            "DJI_0021.JPG", 
            37
        ], 
        [
            "DJI_0034.JPG", 
            "DJI_0024.JPG", 
