{
    "wall_times": {
        "load_matches": 0.023774147033691406, 
        "compute_tracks": 0.19090986251831055, 
        "load_features": 0.268096923828125
    }, 
    "num_images": 12, 
    "view_graph": [
        [
            "DJI_0021.JPG", 
            "DJI_0031.JPG", 
            3
        ], 
        [
            "DJI_0021.JPG", 
            "DJI_0026.JPG", 
            51
        ], 
        [
            "DJI_0021.JPG", 
            "DJI_0032.JPG", 
            17
        ], 
        [
            "DJI_0021.JPG", 
            "DJI_0019.JPG", 
            15
        ], 
        [
            "DJI_0021.JPG", 
            "DJI_0022.JPG", 
            59
        ], 
        [
            "DJI_0021.JPG", 
            "DJI_0027.JPG", 
            20
        ], 
        [
            "DJI_0021.JPG", 
            "DJI_0020.JPG", 
            66
        ], 
        [
            "DJI_0021.JPG", 
            "DJI_0028.JPG", 
            4
        ], 
        [
            "DJI_0018.JPG", 
            "DJI_0031.JPG", 
            37
        ], 
        [
            "DJI_0018.JPG", 
            "DJI_0032.JPG", 
            11
        ], 
        [
            "DJI_0018.JPG", 
            "DJI_0019.JPG", 
            108
        ], 
        [
            "DJI_0018.JPG", 
            "DJI_0030.JPG", 
            74
        ], 
        [
            "DJI_0018.JPG", 
            "DJI_0027.JPG", 
            33
        ], 
        [
            "DJI_0018.JPG", 
            "DJI_0029.JPG", 
            146
        ], 
        [
            "DJI_0018.JPG", 
            "DJI_0020.JPG", 
            16
        ], 
        [
            "DJI_0018.JPG", 
            "DJI_0028.JPG", 
            93
        ], 
        [
            "DJI_0031.JPG", 
            "DJI_0021.JPG", 
            3
        ], 
        [
            "DJI_0031.JPG", 
            "DJI_0018.JPG", 
            37
        ], 
        [
            "DJI_0031.JPG", 
            "DJI_0026.JPG", 
            77
        ], 
        [
            "DJI_0031.JPG", 
            "DJI_0032.JPG", 
            205
        ], 
        [
            "DJI_0031.JPG", 
            "DJI_0019.JPG", 
            35
        ], 
        [
            "DJI_0031.JPG", 
            "DJI_0030.JPG", 
            225
        ], 
        [
            "DJI_0031.JPG", 
            "DJI_0027.JPG", 
            161
        ], 
        [
            "DJI_0031.JPG", 
            "DJI_0029.JPG", 
            102
        ], 
        [
            "DJI_0031.JPG", 
            "DJI_0020.JPG", 
            17
        ], 
        [
            "DJI_0031.JPG", 
            "DJI_0028.JPG", 
            174
        ], 
        [
            "DJI_0026.JPG", 
            "DJI_0021.JPG", 
            51
        ], 
        [
            "DJI_0026.JPG", 
            "DJI_0031.JPG", 
            77
        ], 
        [
            "DJI_0026.JPG", 
            "DJI_0032.JPG", 
            177
        ], 
        [
            "DJI_0026.JPG", 
            "DJI_0019.JPG", 
            13
        ], 
        [
            "DJI_0026.JPG", 
            "DJI_0022.JPG", 
            35
        ], 
        [
            "DJI_0026.JPG", 
            "DJI_0030.JPG", 
            1
        ], 
        [
            "DJI_0026.JPG", 
            "DJI_0027.JPG", 
            161
        ], 
        [
            "DJI_0026.JPG", 
            "DJI_0020.JPG", 
            44
        ], 
        [
            "DJI_0026.JPG", 
            "DJI_0028.JPG", 
            41
        ], 
        [
            "DJI_0032.JPG", 
            "DJI_0021.JPG", 
            17
        ], 
        [
            "DJI_0032.JPG", 
            "DJI_0018.JPG", 
            11
        ], 
        [
            "DJI_0032.JPG", 
            "DJI_0031.JPG", 
            205
        ], 
        [
            "DJI_0032.JPG", 
            "DJI_0026.JPG", 
            177
        ], 
        [
            "DJI_0032.JPG", 
            "DJI_0019.JPG", 
            21
        ], 
        [
            "DJI_0032.JPG", 
            "DJI_0022.JPG", 
            13
        ], 
        [
            "DJI_0032.JPG", 
            "DJI_0030.JPG", 
            39
        ], 
        [
            "DJI_0032.JPG", 
            "DJI_0027.JPG", 
            130
        ], 
        [
            "DJI_0032.JPG", 
            "DJI_0029.JPG", 
            16
        ], 
        [
            "DJI_0032.JPG", 
            "DJI_0020.JPG", 
            27
        ], 
        [
            "DJI_0032.JPG", 
            "DJI_0028.JPG", 
            66
        ], 
        [
            "DJI_0019.JPG", 
            "DJI_0021.JPG", 
            15
        ], 
        [
            "DJI_0019.JPG", 
            "DJI_0018.JPG", 
            108
        ], 
        [
            "DJI_0019.JPG", 
            "DJI_0031.JPG", 
            35
        ], 
        [
            "DJI_0019.JPG", 
            "DJI_0026.JPG", 
            13
        ], 
        [
            "DJI_0019.JPG", 
            "DJI_0032.JPG", 
            21
        ], 
        [
            "DJI_0019.JPG", 
            "DJI_0030.JPG", 
            34
        ], 
        [
            "DJI_0019.JPG", 
            "DJI_0027.JPG", 
            65
        ], 
        [
            "DJI_0019.JPG", 
            "DJI_0029.JPG", 
            66
        ], 
        [
            "DJI_0019.JPG", 
            "DJI_0020.JPG", 
            80
        ], 
        [
            "DJI_0019.JPG", 
            "DJI_0028.JPG", 
            94
        ], 
        [
            "DJI_0022.JPG", 
            "DJI_0021.JPG", 
            59
        ], 
        [
            "DJI_0022.JPG", 
            "DJI_0026.JPG", 
            35
        ], 
        [
            "DJI_0022.JPG", 
            "DJI_0032.JPG", 
            13
        ], 
        [
            "DJI_0022.JPG", 
            "DJI_0027.JPG", 
            6
        ], 
        [
            "DJI_0022.JPG", 
            "DJI_0020.JPG", 
            26
        ], 
        [
            "DJI_0030.JPG", 
            "DJI_0018.JPG", 
            74
        ], 
        [
            "DJI_0030.JPG", 
            "DJI_0031.JPG", 
            225
        ], 
        [
            "DJI_0030.JPG", 
            "DJI_0026.JPG", 
            1
        ], 
        [
            "DJI_0030.JPG", 
            "DJI_0032.JPG", 
            39
        ], 
        [
            "DJI_0030.JPG", 
            "DJI_0019.JPG", 
            34
        ], 
        [
            "DJI_0030.JPG", 
            "DJI_0027.JPG", 
            81
        ], 
        [
            "DJI_0030.JPG", 
            "DJI_0029.JPG", 
            274
        ], 
        [
            "DJI_0030.JPG", 
            "DJI_0020.JPG", 
            5
        ], 
        [
            "DJI_0030.JPG", 
            "DJI_0028.JPG", 
            187
        ], 
        [
            "DJI_0027.JPG", 
            "DJI_0021.JPG", 
            20
        ], 
        [
            "DJI_0027.JPG", 
            "DJI_0018.JPG", 
            33
        ], 
        [
            "DJI_0027.JPG", 
            "DJI_0031.JPG", 
            161
        ], 
        [
            "DJI_0027.JPG", 
            "DJI_0026.JPG", 
            161
        ], 
        [
            "DJI_0027.JPG", 
            "DJI_0032.JPG", 
            130
        ], 
        [
            "DJI_0027.JPG", 
            "DJI_0019.JPG", 
            65
        ], 
        [
            "DJI_0027.JPG", 
            "DJI_0022.JPG", 
            6
        ], 
        [
            "DJI_0027.JPG", 
            "DJI_0030.JPG", 
            81
        ], 
        [
            "DJI_0027.JPG", 
            "DJI_0029.JPG", 
            86
        ], 
        [
            "DJI_0027.JPG", 
            "DJI_0020.JPG", 
            59
        ], 
        [
            "DJI_0027.JPG", 
            "DJI_0028.JPG", 
            228
        ], 
        [
            "DJI_0029.JPG", 
            "DJI_0018.JPG", 
