{
  "boundary":
  {
    "area": 2133.453582,
    "avg_pt_per_sq_unit": 2.01221918,
    "avg_pt_spacing": 0.8266566233,
    "boundary": "MULTIPOLYGON (((576700.16 5188113.6,576703.66 5188116.2,576701.66 5188117.9,576701.66 5188121.4,576697.16 5188117.1,576700.16 5188113.6)),((576733.16 5188115.3,576733.66 5188119.7,576731.66 5188123.1,576729.16 5188122.3,576728.66 5188124.8,576725.66 5188126.6,576723.16 5188125.7,576724.66 5188121.4,576728.66 5188121.4,576729.16 5188117.1,576733.16 5188115.3)),((576706.16 5188118.8,576709.66 5188119.7,576708.16 5188122.3,576712.66 5188123.1,576710.66 5188126.6,576707.66 5188128.3,576704.66 5188124.8,576706.66 5188123.1,576704.66 5188121.4,576706.16 5188118.8)),((576695.66 5188119.7,576697.66 5188121.4,576697.66 5188126.6,576703.66 5188130.0,576706.16 5188129.2,576709.66 5188131.8,576712.16 5188130.9,576714.16 5188134.4,576716.66 5188131.8,576726.16 5188141.3,576722.66 5188143.9,576726.16 5188144.8,576724.66 5188154.3,576719.66 5188154.3,576721.66 5188156.0,576721.66 5188159.5,576724.66 5188156.0,576727.66 5188157.8,576723.16 5188160.4,576718.16 5188169.0,576712.66 5188164.7,576710.66 5188159.5,576707.66 5188164.7,576705.16 5188163.8,576703.16 5188167.3,576706.66 5188173.3,576711.16 5188169.0,576718.16 5188172.5,576718.66 5188175.1,576716.66 5188176.8,576718.66 5188178.5,576716.66 5188182.0,576718.16 5188191.5,576715.16 5188186.3,576712.66 5188187.2,576710.66 5188183.7,576708.16 5188184.6,576705.16 5188182.9,576702.16 5188184.6,576703.66 5188182.0,576703.16 5188179.4,576699.16 5188177.7,576698.66 5188175.1,576696.16 5188175.9,576695.66 5188173.3,576693.16 5188174.2,576690.16 5188172.5,576689.66 5188168.1,576681.16 5188163.8,576677.66 5188156.0,576670.16 5188150.0,576673.16 5188150.0,576673.16 5188148.2,576669.16 5188146.5,576668.66 5188143.9,576665.66 5188142.2,576670.66 5188135.2,576673.16 5188136.1,576673.66 5188138.7,576676.66 5188137.0,576680.66 5188138.7,576683.66 5188133.5,576686.66 5188138.7,576688.66 5188135.2,576685.16 5188130.9,576687.16 5188129.2,576689.66 5188130.0,576688.66 5188126.6,576695.66 5188119.7),(576714.16 5188143.0,576712.16 5188146.5,576713.66 5188149.1,576711.16 5188148.2,576710.66 5188150.8,576706.66 5188149.1,576706.66 5188145.6,576709.16 5188146.5,576709.66 5188143.9,576715.16 5188141.3,576714.16 5188143.0),(576703.66 5188152.6,576703.66 5188150.8,576706.16 5188151.7,576707.66 5188156.0,576705.16 5188155.2,576703.66 5188152.6)),((576676.16 5188132.6,576678.16 5188134.4,576675.16 5188136.1,576674.66 5188133.5,576676.16 5188132.6)))",
    "boundary_json": { "type": "MultiPolygon", "coordinates": [ [ [ [ 576700.160000000032596, 5188113.589764470234513 ], [ 576703.660000000032596, 5188116.187840679660439 ], [ 576701.660000000032596, 5188117.919891489669681 ], [ 576701.660000000032596, 5188121.383993100374937 ], [ 576697.160000010044314, 5188117.053866080008447 ], [ 576700.160000000032596, 5188113.589764470234513 ] ] ], [ [ [ 576733.160000000032596, 5188115.321815269999206 ], [ 576733.660000000032596, 5188119.651942290365696 ], [ 576731.660000000032596, 5188123.116043910384178 ], [ 576729.160000000032596, 5188122.250018499791622 ], [ 576728.660000000032596, 5188124.848094720393419 ], [ 576725.660000000032596, 5188126.580145520158112 ], [ 576723.160000000032596, 5188125.714120119810104 ], [ 576724.660000000032596, 5188121.383993100374937 ], [ 576728.660000000032596, 5188121.383993100374937 ], [ 576729.160000000032596, 5188117.053866080008447 ], [ 576733.160000000032596, 5188115.321815269999206 ] ] ], [ [ [ 576706.160000000032596, 5188118.785916890017688 ], [ 576709.660000000032596, 5188119.651942290365696 ], [ 576708.160000000032596, 5188122.250018499791622 ], [ 576712.660000000032596, 5188123.116043910384178 ], [ 576710.660000000032596, 5188126.580145520158112 ], [ 576707.660000000032596, 5188128.312196330167353 ], [ 576704.660000000032596, 5188124.848094720393419 ], [ 576706.660000000032596, 5188123.116043910384178 ], [ 576704.660000000032596, 5188121.383993100374937 ], [ 576706.160000000032596, 5188118.785916890017688 ] ] ], [ [ [ 576695.660000010044314, 5188119.651942290365696 ], [ 576697.660000000032596, 5188121.383993100374937 ], [ 576697.660000000032596, 5188126.580145520158112 ], [ 576703.660000000032596, 5188130.044247140176594 ], [ 576706.160000000032596, 5188129.178221739828587 ], [ 576709.660000000032596, 5188131.776297950185835 ], [ 576712.160000000032596, 5188130.910272539593279 ], [ 576714.160000000032596, 5188134.374374159611762 ], [ 576716.660000000032596, 5188131.776297950185835 ], [ 576726.160000000032596, 5188141.3025773903355 ], [ 576722.660000000032596, 5188143.900653599761426 ], [ 576726.160000000032596, 5188144.766679000109434 ], [ 576724.660000000032596, 5188154.292958440259099 ], [ 576719.660000000032596, 5188154.292958440259099 ], [ 576721.660000000032596, 5188156.02500925026834 ], [ 576721.660000000032596, 5188159.489110870286822 ], [ 576724.660000000032596, 5188156.02500925026834 ], [ 576727.660000000032596, 5188157.757060060277581 ], [ 576723.160000000032596, 5188160.355136269703507 ], [ 576718.160000000032596, 5188169.015390310436487 ], [ 576712.660000000032596, 5188164.685263290069997 ], [ 576710.660000000032596, 5188159.489110870286822 ], [ 576707.660000000032596, 5188164.685263290069997 ], [ 576705.160000000032596, 5188163.81923788972199 ], [ 576703.160000000032596, 5188167.283339500427246 ], [ 576706.660000000032596, 5188173.345517329871655 ], [ 576711.160000000032596, 5188169.015390310436487 ], [ 576718.160000000032596, 5188172.479491920210421 ], [ 576718.660000000032596, 5188175.077568139880896 ], [ 576716.660000000032596, 5188176.809618939645588 ], [ 576718.660000000032596, 5188178.54166974965483 ], [ 576716.660000000032596, 5188182.005771369673312 ], [ 576718.160000000032596, 5188191.532050809822977 ], [ 576715.160000000032596, 5188186.335898379795253 ], [ 576712.660000000032596, 5188187.201923790387809 ], [ 576710.660000000032596, 5188183.737822170369327 ], [ 576708.160000000032596, 5188184.60384758003056 ], [ 576705.160000000032596, 5188182.871796770021319 ], [ 576702.160000000032596, 5188184.60384758003056 ], [ 576703.660000000032596, 5188182.005771369673312 ], [ 576703.160000000032596, 5188179.407695150002837 ], [ 576699.160000000032596, 5188177.675644350238144 ], [ 576698.660000000032596, 5188175.077568139880896 ], [ 576696.160000010044314, 5188175.943593540228903 ], [ 576695.660000010044314, 5188173.345517329871655 ], [ 576693.160000010044314, 5188174.211542730219662 ], [ 576690.160000010044314, 5188172.479491920210421 ], [ 576689.660000010044314, 5188168.14936491008848 ], [ 576681.160000010044314, 5188163.81923788972199 ], [ 576677.660000010044314, 5188156.02500925026834 ], [ 576670.160000010044314, 5188149.962831430137157 ], [ 576673.160000010044314, 5188149.962831430137157 ], [ 576673.160000010044314, 5188148.230780620127916 ], [ 576669.160000010044314, 5188146.498729810118675 ], [ 576668.660000010044314, 5188143.900653599761426 ], [ 576665.660000010044314, 5188142.168602789752185 ], [ 576670.660000010044314, 5188135.240399559959769 ], [ 576673.160000010044314, 5188136.106424960307777 ], [ 576673.660000010044314, 5188138.704501179978251 ], [ 576676.660000010044314, 5188136.97245036996901 ], [ 576680.660000010044314, 5188138.704501179978251 ], [ 576683.660000010044314, 5188133.508348749950528 ], [ 576686.660000010044314, 5188138.704501179978251 ], [ 576688.660000010044314, 5188135.240399559959769 ], [ 576685.160000010044314, 5188130.910272539593279 ], [ 576687.160000010044314, 5188129.178221739828587 ], [ 576689.660000010044314, 5188130.044247140176594 ], [ 576688.660000010044314, 5188126.580145520158112 ], [ 576695.660000010044314, 5188119.651942290365696 ] ], [ [ 576714.160000000032596, 5188143.034628200344741 ], [ 576712.160000000032596, 5188146.498729810118675 ], [ 576713.660000000032596, 5188149.096806019544601 ], [ 576711.160000000032596, 5188148.230780620127916 ], [ 576710.660000000032596, 5188150.828856829553843 ], [ 576706.660000000032596, 