{
    "dji fc300s 400 225 brown 0.5555 rgb": {
        "p2": 9.889016609564365e-05, 
        "p1": -0.0006671477757853305, 
        "width": 400, 
        "projection_type": "brown", 
        "height": 225, 
        "k3": 0.003597370983726027, 
        "k2": 0.002261293408084664, 
        "k1": -0.00017031096016525198, 
        "focal_y": 0.5555163742131524, 
        "focal_x": 0.5555163742131524, 
        "c_y": 0.0003188986416534726, 
        "c_x": 2.534637757917727e-06
    }
}