{
    "dji fc300s 400 225 brown 0.5555 rgb": {
        "p2": 5.704836127864998e-05, 
        "p1": -0.0007976520687411352, 
        "width": 400, 
        "projection_type": "brown", 
        "height": 225, 
        "k3": 0.0036833096379872894, 
        "k2": 0.002353449270644881, 
        "k1": -0.00017161270928823163, 
        "focal_y": 0.5555170854758542, 
        "focal_x": 0.5555170854758542, 
        "c_y": 0.00032000490547521654, 
        "c_x": -6.070996946398492e-05
    }
}