{
    "dji fc300s 400 225 brown 0.5555 rgb": {
        "p2": -0.0008483634879288623, 
        "p1": 0.00011982919485540419, 
        "width": 400, 
        "projection_type": "brown", 
        "height": 225, 
        "k3": 0.0032162434498334445, 
        "k2": 0.002211912795318482, 
        "k1": 0.00017428949185101282, 
        "focal_y": 0.5554917845662832, 
        "focal_x": 0.5554917845662832, 
        "c_y": 0.00012907519624085718, 
        "c_x": 0.00019686035489799495
    }
}