{
  "boundary":
  {
    "area": 2341.732691,
    "avg_pt_per_sq_unit": 2.186638564,
    "avg_pt_spacing": 0.8620738229,
    "boundary": "MULTIPOLYGON (((576711.7 5188134.3,576712.2 5188138.6,576710.7 5188139.5,576710.2 5188135.1,576711.7 5188134.3)),((576717.7 5188134.3,576719.7 5188136.0,576719.7 5188139.5,576722.7 5188139.5,576722.2 5188142.1,576725.7 5188146.4,576725.7 5188151.6,576728.7 5188153.3,576731.7 5188151.6,576733.2 5188152.4,576731.2 5188155.9,576728.2 5188155.9,576730.2 5188157.6,576728.2 5188159.4,576730.2 5188161.1,576730.2 5188164.6,576728.2 5188168.0,576725.7 5188168.9,576725.7 5188172.4,576727.2 5188169.8,576729.7 5188170.6,576731.7 5188167.2,576734.2 5188171.5,576736.2 5188168.0,576734.2 5188166.3,576737.7 5188163.7,576737.2 5188161.1,576734.2 5188159.4,576737.2 5188159.4,576737.7 5188156.8,576740.2 5188161.1,576740.7 5188156.8,576742.2 5188159.4,576743.7 5188156.8,576747.7 5188158.5,576751.2 5188155.9,576749.2 5188154.2,576751.2 5188152.4,576760.2 5188154.2,576758.2 5188155.9,576760.2 5188157.6,576757.2 5188157.6,576757.2 5188161.1,576755.2 5188164.6,576749.7 5188163.7,576751.2 5188168.0,576749.2 5188171.5,576743.7 5188174.1,576740.2 5188180.2,576737.7 5188179.3,576737.7 5188182.8,576735.7 5188184.5,576736.2 5188187.1,576734.2 5188188.8,576734.2 5188192.3,576736.2 5188195.7,576739.2 5188195.7,576738.7 5188198.3,576735.7 5188196.6,576734.2 5188197.5,576737.7 5188201.8,576740.7 5188200.1,576743.2 5188200.9,576743.7 5188203.5,576746.7 5188205.3,576744.7 5188207.0,576740.7 5188205.3,576738.7 5188208.7,576736.2 5188207.9,576734.2 5188209.6,576730.2 5188209.6,576729.7 5188207.0,576724.2 5188204.4,576723.7 5188201.8,576719.7 5188200.1,576719.2 5188195.7,576714.7 5188193.1,576710.7 5188193.1,576710.2 5188190.5,576707.2 5188188.8,576707.2 5188185.4,576701.7 5188184.5,576701.2 5188181.9,576698.2 5188180.2,576700.2 5188178.4,576699.7 5188175.8,576697.2 5188176.7,576695.2 5188173.2,576691.2 5188171.5,576689.2 5188168.0,576689.2 5188162.8,576686.7 5188163.7,576683.2 5188157.6,576683.7 5188155.0,576687.7 5188153.3,576688.2 5188150.7,576692.2 5188149.0,576692.7 5188146.4,576698.7 5188142.9,576700.2 5188143.8,576698.7 5188146.4,576701.2 5188145.5,576701.7 5188142.9,576699.7 5188141.2,576702.7 5188141.2,576703.2 5188138.6,576706.2 5188136.9,576708.7 5188137.7,576709.2 5188140.3,576703.2 5188143.8,576702.7 5188146.4,576699.7 5188148.1,576702.7 5188148.1,576702.7 5188151.6,576704.7 5188153.3,576710.2 5188152.4,576712.2 5188149.0,576711.7 5188146.4,576713.7 5188144.6,576713.2 5188140.3,576715.2 5188138.6,576713.2 5188136.9,576717.7 5188134.3),(576698.7 5188158.5,576698.2 5188154.2,576699.7 5188153.3,576699.7 5188156.8,576701.7 5188158.5,576698.7 5188158.5),(576710.7 5188163.7,576709.2 5188169.8,576706.2 5188171.5,576704.2 5188175.0,576701.7 5188174.1,576701.2 5188171.5,576698.2 5188169.8,576698.7 5188167.2,576704.7 5188163.7,576706.2 5188166.3,576710.7 5188162.0,576713.7 5188163.7,576710.7 5188163.7),(576742.2 5188166.3,576740.7 5188167.2,576740.2 5188164.6,576743.2 5188162.8,576743.7 5188165.4,576742.2 5188166.3),(576716.7 5188186.2,576716.7 5188184.5,576719.2 5188183.6,576719.2 5188187.1,576716.7 5188186.2),(576731.7 5188189.7,576731.2 5188192.3,576733.2 5188194.0,576728.7 5188198.3,576726.7 5188194.9,576730.2 5188192.3,576730.2 5188185.4,576732.7 5188184.5,576733.2 5188188.8,576731.7 5188189.7)),((576756.7 5188141.2,576760.2 5188143.8,576755.7 5188146.4,576755.2 5188142.1,576756.7 5188141.2)),((576762.7 5188149.8,576762.7 5188153.3,576760.2 5188152.4,576760.2 5188150.7,576762.7 5188149.8)))",
    "boundary_json": { "type": "MultiPolygon", "coordinates": [ [ [ [ 576711.700000009965152, 5188134.255916889756918 ], [ 576712.200000009965152, 5188138.586043910123408 ], [ 576710.700000009965152, 5188139.452069309540093 ], [ 576710.200000009965152, 5188135.121942290104926 ], [ 576711.700000009965152, 5188134.255916889756918 ] ] ], [ [ [ 576717.700000009965152, 5188134.255916889756918 ], [ 576719.700000009965152, 5188135.987967699766159 ], [ 576719.700000009965152, 5188139.452069309540093 ], [ 576722.700000009965152, 5188139.452069309540093 ], [ 576722.200000009965152, 5188142.050145519897342 ], [ 576725.699999999953434, 5188146.380272540263832 ], [ 576725.699999999953434, 5188151.576424970291555 ], [ 576728.699999999953434, 5188153.308475770056248 ], [ 576731.699999999953434, 5188151.576424970291555 ], [ 576733.199999999953434, 5188152.44245036970824 ], [ 576731.199999999953434, 5188155.906551989726722 ], [ 576728.199999999953434, 5188155.906551989726722 ], [ 576730.199999999953434, 5188157.638602790422738 ], [ 576728.199999999953434, 5188159.370653600431979 ], [ 576730.199999999953434, 5188161.10270441044122 ], [ 576730.199999999953434, 5188164.566806020215154 ], [ 576728.199999999953434, 5188168.030907640233636 ], [ 576725.699999999953434, 5188168.896933039650321 ], [ 576725.699999999953434, 5188172.361034659668803 ], [ 576727.199999999953434, 5188169.762958450242877 ], [ 576729.699999999953434, 5188170.628983849659562 ], [ 576731.699999999953434, 5188167.16488222964108 ], [ 576734.199999999953434, 5188171.49500925000757 ], [ 576736.199999999953434, 5188168.030907640233636 ], [ 576734.199999999953434, 5188166.298856830224395 ], [ 576737.699999999953434, 5188163.700780619867146 ], [ 576737.199999999953434, 5188161.10270441044122 ], [ 576734.199999999953434, 5188159.370653600431979 ], [ 576737.199999999953434, 5188159.370653600431979 ], [ 576737.699999999953434, 5188156.77257739007473 ], [ 576740.199999999953434, 5188161.10270441044122 ], [ 576740.699999999953434, 5188156.77257739007473 ], [ 576742.199999999953434, 5188159.370653600431979 ], [ 576743.699999999953434, 5188156.77257739007473 ], [ 576747.699999999953434, 5188158.504628200083971 ], [ 576751.199999999953434, 5188155.906551989726722 ], [ 576749.199999999953434, 5188154.174501179717481 ], [ 576751.199999999953434, 5188152.44245036970824 ], [ 576760.199999999953434, 5188154.174501179717481 ], [ 576758.199999999953434, 5188155.906551989726722 ], [ 576760.199999999953434, 5188157.638602790422738 ], [ 576757.199999999953434, 5188157.638602790422738 ], [ 576757.199999999953434, 5188161.10270441044122 ], [ 576755.199999999953434, 5188164.566806020215154 ], [ 576749.699999999953434, 5188163.700780619867146 ], [ 576751.199999999953434, 5188168.030907640233636 ], [ 576749.199999999953434, 5188171.49500925000757 ], [ 576743.699999999953434, 5188174.093085460364819 ], [ 576740.199999999953434, 5188180.155263289809227 ], [ 576737.699999999953434, 5188179.289237890392542 ], [ 576737.699999999953434, 5188182.753339500166476 ], [ 576735.699999999953434, 5188184.485390310175717 ], [ 576736.199999999953434, 5188187.083466519601643 ], [ 576734.199999999953434, 5188188.815517329610884 ], [ 576734.199999999953434, 5188192.279618940316141 ], [ 576736.199999999953434, 5188195.743720560334623 ], [ 576739.199999999953434, 5188195.743720560334623 ], [ 576738.699999999953434, 5188198.341796769760549 ], [ 576735.699999999953434, 5188196.609745959751308 ], [ 576734.199999999953434, 5188197.475771370343864 ], [ 576737.699999999953434, 5188201.805898389779031 ], [ 576740.699999999953434, 5188200.07384757976979 ], [ 576743.199999999953434, 5188200.939872980117798 ], [ 576743.699999999953434, 5188203.537949189543724 ], [ 576746.699999999953434, 5188205.269999999552965 ], [ 576744.699999999953434, 5188207.002050809562206 ], [ 576740.699999999953434, 5188205.269999999552965 ], [ 576738.699999999953434, 5188208.734101619571447 ], [ 576736.199999999953434, 5188207.868076209910214 ], [ 576734.199999999953434, 5188209.600127019919455 ], [ 576730.199999999953434, 5188209.600127019919455 ], [ 576729.699999999953434, 5188207.002050809562206 ], [ 576724.199999999953434, 5188204.40397460013628 ], [ 576723.700000009965152, 5188201.805898389779031 ], [ 576719.700000009965152, 5188200.07384757976979 ], [ 576719.200000009965152, 5188195.743720560334623 ], [ 576714.700000009965152, 5188193.145644349977374 ], [ 576710.700000009965152, 