{
    "wall_times": {
        "compute_reconstructions": 11.689171075820923, 
        "compute_image_pairs": 4.933027982711792, 
        "load_tracks_graph": 0.0039310455322265625
    }, 
    "reconstructions": [
        {
            "bootstrap": {
                "memory_usage": 91512832, 
                "image_pair": [
                    "DJI_0029.JPG", 
                    "DJI_0030.JPG"
                ], 
                "decision": "Success", 
                "triangulated_points": 274, 
                "two_view_reconstruction": {
                    "5_point_inliers": 273, 
                    "plane_based_inliers": 273, 
                    "method": "plane_based"
                }, 
                "common_tracks": 274
            }, 
            "stats": {
                "average_track_length": 2.8113124171453823, 
                "points_count": 2263, 
                "observations_count": 6362, 
                "cameras_count": 18, 
                "average_track_length_notwo": 3.8124383020730503
            }, 
            "grow": {
                "steps": [
                    {
                        "resection": {
                            "num_inliers": 108, 
                            "num_common_points": 112
                        }, 
                        "retriangulation": {
                            "num_points_after": 497, 
                            "num_points_before": 494, 
                            "wall_time": 0.2675650119781494
                        }, 
                        "memory_usage": 92602368, 
                        "image": "DJI_0028.JPG", 
                        "bundle": {
                            "wall_times": {
                                "teardown": 0.015514850616455078, 
                                "setup": 0.023960113525390625, 
                                "run": 0.07083296775817871
                            }, 
                            "brief_report": "Ceres Solver Report: Iterations: 9, Initial cost: 2.779506e+00, Final cost: 1.778087e+00, Termination: CONVERGENCE"
                        }, 
                        "triangulated_points": 224, 
                        "bundle_after_retriangulation": {
                            "wall_times": {
                                "teardown": 0.014822006225585938, 
                                "setup": 0.024045944213867188, 
                                "run": 0.03217601776123047
                            }, 
                            "brief_report": "Ceres Solver Report: Iterations: 3, Initial cost: 2.738269e+00, Final cost: 1.819807e+00, Termination: CONVERGENCE"
                        }
                    }, 
                    {
                        "resection": {
                            "num_inliers": 112, 
                            "num_common_points": 126
                        }, 
                        "retriangulation": {
                            "num_points_after": 680, 
                            "num_points_before": 668, 
                            "wall_time": 0.36313915252685547
                        }, 
                        "memory_usage": 93839360, 
                        "image": "DJI_0031.JPG", 
                        "bundle": {
                            "wall_times": {
                                "teardown": 0.021058082580566406, 
                                "setup": 0.032946109771728516, 
                                "run": 0.10879993438720703
                            }, 
                            "brief_report": "Ceres Solver Report: Iterations: 10, Initial cost: 3.331732e+00, Final cost: 2.562547e+00, Termination: CONVERGENCE"
                        }, 
                        "triangulated_points": 183, 
                        "bundle_after_retriangulation": {
                            "wall_times": {
                                "teardown": 0.020678997039794922, 
                                "setup": 0.03319501876831055, 
                                "run": 0.06136894226074219
                            }, 
                            "brief_report": "Ceres Solver Report: Iterations: 4, Initial cost: 4.921918e+00, Final cost: 3.244560e+00, Termination: CONVERGENCE"
                        }
                    }, 
                    {
                        "resection": {
                            "num_inliers": 135, 
                            "num_common_points": 143
                        }, 
                        "retriangulation": {
                            "num_points_after": 851, 
                            "num_points_before": 836, 
                            "wall_time": 0.5192570686340332
                        }, 
                        "memory_usage": 94695424, 
                        "image": "DJI_0027.JPG", 
                        "bundle": {
                            "wall_times": {
                                "teardown": 0.02686595916748047, 
                                "setup": 0.04290604591369629, 
                                "run": 0.1228029727935791
                            }, 
                            "brief_report": "Ceres Solver Report: Iterations: 8, Initial cost: 4.449048e+00, Final cost: 3.657825e+00, Termination: CONVERGENCE"
                        }, 
                        "triangulated_points": 175, 
                        "bundle_after_retriangulation": {
                            "wall_times": {
                                "teardown": 0.026205062866210938, 
                                "setup": 0.04353189468383789, 
                                "run": 0.08622002601623535
                            }, 
                            "brief_report": "Ceres Solver Report: Iterations: 5, Initial cost: 7.768011e+00, Final cost: 4.646966e+00, Termination: CONVERGENCE"
                        }
                    }, 
                    {
                        "resection": {
                            "num_inliers": 108, 
                            "num_common_points": 115
                        }, 
                        "image": "DJI_0032.JPG", 
                        "memory_usage": 95367168, 
                        "triangulated_points": 151
                    }, 
                    {
                        "resection": {
                            "num_inliers": 89, 
                            "num_common_points": 110
                        }, 
                        "retriangulation": {
                            "num_points_after": 1067, 
                            "num_points_before": 1053, 
                            "wall_time": 0.5778701305389404
                        }, 
                        "memory_usage": 95367168, 
                        "image": "DJI_0018.JPG", 
                        "bundle": {
                            "wall_times": {
                                "teardown": 0.03401303291320801, 
                                "setup": 0.05599093437194824, 
                                "run": 0.1619260311126709
                            }, 
                            "brief_report": "Ceres Solver Report: Iterations: 8, Initial cost: 6.725164e+00, Final cost: 5.210821e+00, Termination: CONVERGENCE"
                        }, 
                        "triangulated_points": 70, 
                        "bundle_after_retriangulation": {
                            "wall_times": {
                                "teardown": 0.03352618217468262, 
                                "setup": 0.056403160095214844, 
                                "run": 0.14714479446411133
                            },