{
    "wall_times": {
        "load_matches": 0.03769707679748535, 
        "compute_tracks": 0.33647799491882324, 
        "load_features": 0.389481782913208
    }, 
    "num_images": 18, 
    "view_graph": [
        [
            "DJI_0035.JPG", 
            "DJI_0021.JPG", 
            5
        ], 
        [
            "DJI_0035.JPG", 
            "DJI_0024.JPG", 
            193
        ], 
        [
            "DJI_0035.JPG", 
            "DJI_0026.JPG", 
            16
        ], 
        [
            "DJI_0035.JPG", 
            "DJI_0033.JPG", 
            85
        ], 
        [
            "DJI_0035.JPG", 
            "DJI_0023.JPG", 
            76
        ], 
        [
            "DJI_0035.JPG", 
            "DJI_0022.JPG", 
            20
        ], 
        [
            "DJI_0035.JPG", 
            "DJI_0034.JPG", 
            230
        ], 
        [
            "DJI_0035.JPG", 
            "DJI_0025.JPG", 
            113
        ], 
        [
            "DJI_0021.JPG", 
            "DJI_0035.JPG", 
            5
        ], 
        [
            "DJI_0021.JPG", 
            "DJI_0024.JPG", 
            12
        ], 
        [
            "DJI_0021.JPG", 
            "DJI_0031.JPG", 
            3
        ], 
        [
            "DJI_0021.JPG", 
            "DJI_0026.JPG", 
            52
        ], 
        [
            "DJI_0021.JPG", 
            "DJI_0033.JPG", 
            29
        ], 
        [
            "DJI_0021.JPG", 
            "DJI_0023.JPG", 
            11
        ], 
        [
            "DJI_0021.JPG", 
            "DJI_0032.JPG", 
            15
        ], 
        [
            "DJI_0021.JPG", 
            "DJI_0019.JPG", 
            15
        ], 
        [
            "DJI_0021.JPG", 
            "DJI_0022.JPG", 
            59
        ], 
        [
            "DJI_0021.JPG", 
            "DJI_0034.JPG", 
            37
        ], 
        [
            "DJI_0021.JPG", 
            "DJI_0027.JPG", 
            19
        ], 
        [
            "DJI_0021.JPG", 
            "DJI_0025.JPG", 
            54
        ], 
        [
            "DJI_0021.JPG", 
            "DJI_0020.JPG", 
            64
        ], 
        [
            "DJI_0021.JPG", 
            "DJI_0028.JPG", 
            4
        ], 
        [
            "DJI_0018.JPG", 
            "DJI_0031.JPG", 
            37
        ], 
        [
            "DJI_0018.JPG", 
            "DJI_0032.JPG", 
            11
        ], 
        [
            "DJI_0018.JPG", 
            "DJI_0019.JPG", 
            108
        ], 
        [
            "DJI_0018.JPG", 
            "DJI_0030.JPG", 
            74
        ], 
        [
            "DJI_0018.JPG", 
            "DJI_0027.JPG", 
            31
        ], 
        [
            "DJI_0018.JPG", 
            "DJI_0029.JPG", 
            146
        ], 
        [
            "DJI_0018.JPG", 
            "DJI_0020.JPG", 
            16
        ], 
        [
            "DJI_0018.JPG", 
            "DJI_0028.JPG", 
            93
        ], 
        [
            "DJI_0024.JPG", 
            "DJI_0035.JPG", 
            193
        ], 
        [
            "DJI_0024.JPG", 
            "DJI_0021.JPG", 
            12
        ], 
        [
            "DJI_0024.JPG", 
            "DJI_0026.JPG", 
            29
        ], 
        [
            "DJI_0024.JPG", 
            "DJI_0033.JPG", 
            67
        ], 
        [
            "DJI_0024.JPG", 
            "DJI_0023.JPG", 
            110
        ], 
        [
            "DJI_0024.JPG", 
            "DJI_0022.JPG", 
            35
        ], 
        [
            "DJI_0024.JPG", 
            "DJI_0034.JPG", 
            155
        ], 
        [
            "DJI_0024.JPG", 
            "DJI_0025.JPG", 
            190
        ], 
        [
            "DJI_0031.JPG", 
            "DJI_0021.JPG", 
            3
        ], 
        [
            "DJI_0031.JPG", 
            "DJI_0018.JPG", 
            37
        ], 
        [
            "DJI_0031.JPG", 
            "DJI_0026.JPG", 
            77
        ], 
        [
            "DJI_0031.JPG", 
            "DJI_0033.JPG", 
            40
        ], 
        [
            "DJI_0031.JPG", 
            "DJI_0032.JPG", 
            205
        ], 
        [
            "DJI_0031.JPG", 
            "DJI_0019.JPG", 
            35
        ], 
        [
            "DJI_0031.JPG", 
            "DJI_0030.JPG", 
            225
        ], 
        [
            "DJI_0031.JPG", 
            "DJI_0027.JPG", 
            161
        ], 
        [
            "DJI_0031.JPG", 
            "DJI_0029.JPG", 
            102
        ], 
        [
            "DJI_0031.JPG", 
            "DJI_0025.JPG", 
            7
        ], 
        [
            "DJI_0031.JPG", 
            "DJI_0020.JPG", 
            17
        ], 
        [
            "DJI_0031.JPG", 
            "DJI_0028.JPG", 
            174
        ], 
        [
            "DJI_0026.JPG", 
            "DJI_0035.JPG", 
            16
        ], 
        [
            "DJI_0026.JPG", 
            "DJI_0021.JPG", 
            52
        ], 
        [
            "DJI_0026.JPG", 
            "DJI_0024.JPG", 
            29
        ], 
        [
            "DJI_0026.JPG", 
            "DJI_0031.JPG", 
            77
        ], 
        [
            "DJI_0026.JPG", 
            "DJI_0033.JPG", 
            191
        ], 
        [
            "DJI_0026.JPG", 
            "DJI_0023.JPG", 
            1
        ], 
        [
            "DJI_0026.JPG", 
            "DJI_0032.JPG", 
            177
        ], 
        [
            "DJI_0026.JPG", 
            "DJI_0019.JPG", 
            13
        ], 
        [
            "DJI_0026.JPG", 
            "DJI_0022.JPG", 
            39
        ], 
        [
            "DJI_0026.JPG", 
            "DJI_0034.JPG", 
            118
        ], 
        [
            "DJI_0026.JPG", 
            "DJI_0030.JPG", 
            1
        ], 
        [
            "DJI_0026.JPG", 
            "DJI_0027.JPG", 
            161
        ], 
        [
            "DJI_0026.JPG", 
            "DJI_0025.JPG", 
            220
        ], 
        [
            "DJI_0026.JPG", 
            "DJI_0020.JPG", 
            45
        ], 
        [
            "DJI_0026.JPG", 
            "DJI_0028.JPG", 
            41
        ], 
        [
            "DJI_0033.JPG", 
            "DJI_0035.JPG", 
            85
        ], 
        [
            "DJI_0033.JPG", 
            "DJI_0021.JPG", 
            29
        ], 
        [
            "DJI_0033.JPG", 
            "DJI_0024.JPG", 
            67
        ], 
        [
            "DJI_0033.JPG", 
            "DJI_0031.JPG", 
            40
        ], 
        [
            "DJI_0033.JPG", 
            "DJI_0026.JPG", 
            191
        ], 
        [
            "DJI_0033.JPG", 
            "DJI_0023.JPG", 
            7
        ], 
        [
            "DJI_0033.JPG", 
            "DJI_0032.JPG", 
            151
        ], 
        [
            "DJI_0033.JPG", 
            "DJI_0019.JPG", 
            4
        ], 
        [
            "DJI_0033.JPG", 
            "DJI_0022.JPG", 
            28
        ], 
        [
            "DJI_0033.JPG", 
            "DJI_0034.JPG", 
            270
        ], 
        [
            "DJI_0033.JPG", 
            "DJI_0027.JPG", 
            58
        ], 
        [
            "DJI_0033.JPG", 
            "DJI_0025.JPG", 
            235
        ], 
        [
            "DJI_0033.JPG", 
            "DJI_0020.JPG", 
            23
        ], 
        [
            "DJI_0033.JPG", 
            "DJI_0028.JPG", 
            17
        ], 
        [
            "DJI_0023.JPG", 
            "DJI_0035.JPG", 
            76
        ], 
        [
            "DJI_0023.JPG", 
            "DJI_0021.JPG", 
            11
        ], 
        [
            "DJI_0023.JPG", 
            "DJI_0024.JPG", 
