{
  "boundary":
  {
    "area": 3436.388801,
    "avg_pt_per_sq_unit": 1.902470187,
    "avg_pt_spacing": 0.8063593975,
    "boundary": "MULTIPOLYGON (((576702.62 5188113.4,576703.12 5188116.0,576706.12 5188117.8,576703.12 5188117.8,576702.62 5188120.4,576700.12 5188121.2,576701.12 5188117.8,576698.62 5188118.6,576696.62 5188115.2,576702.62 5188113.4)),((576731.12 5188116.0,576734.12 5188116.0,576736.12 5188117.8,576731.62 5188118.6,576729.62 5188116.9,576731.12 5188116.0)),((576696.62 5188118.6,576698.62 5188122.1,576695.12 5188124.7,576698.12 5188126.4,576698.62 5188129.0,576701.12 5188128.2,576703.12 5188129.9,576707.12 5188129.9,576704.12 5188124.7,576707.12 5188119.5,576710.62 5188122.1,576710.62 5188125.6,576708.62 5188127.3,576709.12 5188129.9,576713.12 5188129.9,576715.12 5188135.1,576717.62 5188132.5,576720.62 5188134.2,576721.12 5188136.8,576723.62 5188137.7,576723.62 5188142.9,576725.62 5188144.6,576723.62 5188146.3,576725.62 5188148.1,576725.12 5188150.7,576728.12 5188150.7,576728.62 5188153.3,576731.62 5188153.3,576729.62 5188156.7,576730.12 5188162.8,576726.62 5188168.9,576728.62 5188170.6,576730.12 5188168.0,576732.62 5188168.9,576733.12 5188171.5,576737.62 5188168.9,576734.62 5188168.9,576734.12 5188166.3,576738.62 5188163.7,576737.12 5188161.1,576739.12 5188159.3,576737.62 5188158.5,576734.62 5188160.2,576734.62 5188158.5,576740.12 5188155.9,576742.12 5188157.6,576740.12 5188159.3,576741.62 5188160.2,576743.62 5188156.7,576746.12 5188157.6,576749.62 5188153.3,576756.62 5188153.3,576759.62 5188155.0,576759.62 5188148.1,576761.62 5188146.3,576763.12 5188147.2,576761.12 5188148.9,576764.62 5188153.3,576764.12 5188157.6,576761.12 5188155.9,576758.12 5188157.6,576754.12 5188155.9,576758.12 5188162.8,576755.62 5188161.9,576752.62 5188163.7,576752.62 5188167.1,576749.12 5188169.7,576749.12 5188173.2,576747.62 5188170.6,576745.12 5188169.7,576746.62 5188172.3,576744.62 5188175.8,576740.62 5188177.5,576740.12 5188180.1,576737.12 5188180.1,576739.12 5188181.8,576735.62 5188184.4,576736.12 5188187.0,576734.12 5188188.8,576736.12 5188190.5,576734.12 5188192.2,576736.12 5188195.7,576739.12 5188197.4,576734.12 5188197.4,576739.12 5188200.9,576741.62 5188200.0,576744.62 5188201.8,576745.12 5188204.4,576735.62 5188210.4,576734.12 5188209.6,576736.12 5188206.1,576734.12 5188202.6,576732.62 5188205.2,576734.62 5188207.0,576731.62 5188210.4,576729.62 5188207.0,576722.62 5188203.5,576722.12 5188200.9,576719.62 5188200.0,576719.12 5188194.0,576716.62 5188194.8,576712.12 5188192.2,576711.62 5188189.6,576709.12 5188190.5,576708.62 5188186.2,576705.62 5188184.4,576701.62 5188184.4,576701.12 5188181.8,576698.12 5188180.1,576698.62 5188177.5,576696.62 5188174.1,576692.62 5188175.8,576692.12 5188171.5,576689.12 5188171.5,576689.12 5188166.3,576686.62 5188167.1,576683.62 5188165.4,576681.62 5188160.2,576678.62 5188158.5,576680.12 5188155.9,576677.62 5188155.0,576676.12 5188157.6,576675.62 5188155.0,576671.62 5188153.3,576671.12 5188150.7,576673.12 5188148.9,576670.12 5188147.2,576669.62 5188144.6,576667.12 5188143.7,576665.12 5188140.3,576669.62 5188137.7,576670.12 5188135.1,576671.62 5188137.7,576675.62 5188139.4,576674.12 5188136.8,576674.62 5188132.5,576676.12 5188133.3,576676.12 5188136.8,576679.12 5188138.5,576681.62 5188137.7,576686.62 5188129.0,576689.12 5188129.9,576689.62 5188125.6,576692.12 5188126.4,576691.12 5188123.0,576695.12 5188121.2,576696.62 5188118.6),(576688.12 5188135.1,576687.62 5188137.7,576685.12 5188138.5,576686.62 5188134.2,576689.12 5188133.3,576688.12 5188135.1),(576712.12 5188138.5,576712.12 5188136.8,576714.62 5188137.7,576714.62 5188141.1,576712.12 5188138.5),(576709.12 5188142.0,576708.62 5188139.4,576710.12 5188138.5,576710.62 5188141.1,576715.12 5188143.7,576712.12 5188145.5,576712.12 5188148.9,576710.12 5188150.7,576705.62 5188148.1,576710.62 5188144.6,576709.12 5188142.0),(576749.62 5188158.5,576749.12 5188155.9,576750.62 5188155.0,576752.62 5188158.5,576749.62 5188158.5),(576709.12 5188164.5,576710.62 5188168.9,576706.12 5188171.5,576704.12 5188168.0,576704.62 5188165.4,576707.12 5188166.3,576707.62 5188163.7,576710.62 5188161.9,576713.62 5188163.7,576711.62 5188165.4,576709.12 5188164.5),(576742.12 5188166.3,576740.62 5188168.9,576740.62 5188163.7,576743.62 5188165.4,576742.12 5188166.3),(576749.62 5188167.1,576749.12 5188162.8,576750.62 5188161.9,576751.12 5188166.3,576749.62 5188167.1),(576719.62 5188184.4,576719.12 5188187.0,576716.12 5188185.3,576720.62 5188182.7,576719.62 5188184.4),(576733.12 5188187.0,576731.62 5188189.6,576729.62 5188186.2,576734.12 5188185.3,576733.12 5188187.0),(576727.12 5188195.7,576728.62 5188191.4,576731.12 5188190.5,576731.12 5188197.4,576727.12 5188195.7)),((576729.62 5188118.6,576731.62 5188120.4,576734.12 5188119.5,576734.12 5188123.0,576728.62 5188122.1,576728.12 5188124.7,576724.12 5188126.4,576724.12 5188121.2,576728.12 5188121.2,576729.62 5188118.6)),((576756.62 5188141.1,576758.62 5188142.9,576758.12 5188145.5,576755.12 5188143.7,576756.62 5188141.1)),((576749.12 5188178.4,576751.12 5188180.1,576746.62 5188182.7,576746.12 5188181.8,576749.12 5188178.4)))",
    "boundary_json": { "type": "MultiPolygon",