{
    "dji fc300s 400 225 brown 0.5555 rgb": {
        "p2": -0.0006216827383686644, 
        "p1": 3.9672716713295126e-05, 
        "width": 400, 
        "projection_type": "brown", 
        "height": 225, 
        "k3": 0.0032775064578220454, 
        "k2": 0.002215038319439752, 
        "k1": 8.342090827897846e-05, 
        "focal_y": 0.5555088494564289, 
        "focal_x": 0.5555088494564289, 
        "c_y": 0.0001841494832484839, 
        "c_x": 0.00020897401460178065
    }
}