{
    "dji fc300s 400 225 brown 0.5555 rgb": {
        "p2": -0.0003748128288998149, 
        "p1": -0.00039945033995993876, 
        "width": 400, 
        "projection_type": "brown", 
        "height": 225, 
        "k3": 0.004221554185071784, 
        "k2": 0.0027009928916142912, 
        "k1": -8.396147409198742e-05, 
        "focal_y": 0.5554731670058525, 
        "focal_x": 0.5554731670058525, 
        "c_y": 0.0002844350790036126, 
        "c_x": 0.00026156730512254234
    }
}