{
  "boundary":
  {
    "area": 2110.503909,
    "avg_pt_per_sq_unit": 2.002929617,
    "avg_pt_spacing": 0.8275166928,
    "boundary": "MULTIPOLYGON (((576700.22 5188115.3,576700.72 5188117.9,576703.22 5188117.1,576703.22 5188118.8,576700.72 5188119.7,576697.72 5188117.9,576697.72 5188116.2,576700.22 5188115.3)),((576733.22 5188115.3,576735.22 5188120.5,576730.72 5188123.1,576730.22 5188120.5,576733.22 5188115.3)),((576698.72 5188119.7,576699.22 5188122.3,576696.22 5188122.3,576696.22 5188125.7,576698.72 5188124.9,576699.22 5188127.5,576703.72 5188130.1,576709.22 5188129.2,576709.72 5188131.8,576713.72 5188131.8,576715.22 5188129.2,576715.72 5188133.5,576719.72 5188133.5,576720.22 5188136.1,576722.72 5188137.0,576724.72 5188140.5,576723.22 5188144.8,576726.22 5188144.8,576726.22 5188148.3,576722.72 5188150.8,576724.72 5188152.6,576721.22 5188155.2,576721.72 5188161.2,576723.22 5188158.6,576726.22 5188158.6,576722.72 5188163.0,576722.72 5188166.4,576718.72 5188166.4,576718.22 5188169.0,576715.72 5188169.9,576715.22 5188165.6,576709.72 5188161.2,576707.72 5188164.7,576705.22 5188163.8,576705.22 5188169.0,576703.22 5188170.8,576706.22 5188172.5,576706.72 5188175.1,576709.72 5188169.9,576713.72 5188169.9,576718.22 5188172.5,576718.72 5188175.1,576715.22 5188177.7,576720.22 5188177.7,576716.72 5188182.0,576716.72 5188187.2,576712.72 5188187.2,576710.72 5188183.8,576708.22 5188186.4,576706.22 5188181.2,576703.72 5188185.5,576703.22 5188177.7,576699.22 5188179.4,576698.72 5188176.8,576695.72 5188175.1,576691.72 5188175.1,576691.22 5188172.5,576688.22 5188170.8,576689.72 5188168.2,576687.22 5188167.3,576686.72 5188164.7,576684.22 5188165.6,576683.72 5188161.2,576681.22 5188163.8,576677.72 5188157.8,576679.22 5188155.2,576675.22 5188156.9,576676.22 5188153.4,576673.72 5188154.3,576665.72 5188140.5,576667.22 5188139.6,576670.22 5188141.3,576668.72 5188137.0,576670.72 5188135.3,576673.22 5188136.1,576675.22 5188139.6,576676.72 5188137.0,576679.22 5188139.6,576682.72 5188137.0,576682.72 5188133.5,576684.22 5188136.1,576688.22 5188137.9,576686.72 5188135.3,576687.22 5188132.7,576685.22 5188130.9,576688.22 5188130.9,576688.22 5188125.7,576692.72 5188123.1,576693.22 5188120.5,576695.72 5188121.4,576698.72 5188119.7),(576670.72 5188143.9,576670.72 5188142.2,576673.22 5188141.3,576673.22 5188144.8,576670.72 5188143.9),(576712.72 5188145.7,576709.22 5188150.0,576704.72 5188147.4,576707.72 5188145.7,576708.22 5188143.1,576709.72 5188145.7,576711.22 5188143.1,576713.72 5188143.9,576712.72 5188145.7),(576718.72 5188161.2,576716.72 5188161.2,576719.72 5188156.0,576720.22 5188160.4,576718.72 5188161.2)),((576728.72 5188119.7,576729.22 5188122.3,576727.72 5188123.1,576725.72 5188121.4,576728.72 5188119.7)),((576706.22 5188120.5,576708.22 5188122.3,576711.22 5188122.3,576709.22 5188124.0,576711.22 5188125.7,576707.72 5188128.3,576704.72 5188126.6,576706.72 5188124.9,576704.72 5188121.4,576706.22 5188120.5)),((576725.72 5188123.1,576727.22 5188125.7,576723.22 5188125.7,576723.22 5188124.0,576725.72 5188123.1)),((576674.72 5188131.8,576676.72 5188133.5,576676.22 5188136.1,576673.22 5188132.7,576674.72 5188131.8)))",
    "boundary_json": { "type": "MultiPolygon", "coordinates": [ [ [ [ 576700.21999999997206, 5188115.34181527979672 ], [ 576700.71999999997206, 5188117.939891490153968 ], [ 576703.21999999997206, 5188117.073866079561412 ], [ 576703.21999999997206, 5188118.805916889570653 ], [ 576700.71999999997206, 5188119.671942289918661 ], [ 576697.71999999997206, 5188117.939891490153968 ], [ 576697.71999999997206, 5188116.207840680144727 ], [ 576700.21999999997206, 5188115.34181527979672 ] ] ], [ [ [ 576733.21999999997206, 5188115.34181527979672 ], [ 576735.21999999997206, 5188120.537967699579895 ], [ 576730.71999999997206, 5188123.136043909937143 ], [ 576730.21999999997206, 5188120.537967699579895 ], [ 576733.21999999997206, 5188115.34181527979672 ] ] ], [ [ [ 576698.71999999997206, 5188119.671942289918661 ], [ 576699.21999999997206, 5188122.27001850027591 ], [ 576696.220000009983778, 5188122.27001850027591 ], [ 576696.220000009983778, 5188125.734120120294392 ], [ 576698.71999999997206, 5188124.868094719946384 ], [ 576699.21999999997206, 5188127.466170930303633 ], [ 576703.71999999997206, 5188130.064247139729559 ], [ 576709.21999999997206, 5188129.198221740312874 ], [ 576709.71999999997206, 5188131.796297949738801 ], [ 576713.71999999997206, 5188131.796297949738801 ], [ 576715.21999999997206, 5188129.198221740312874 ], [ 576715.71999999997206, 5188133.528348750434816 ], [ 576719.71999999997206, 5188133.528348750434816 ], [ 576720.21999999997206, 5188136.12642497010529 ], [ 576722.71999999997206, 5188136.992450370453298 ], [ 576724.71999999997206, 5188140.456551980227232 ], [ 576723.21999999997206, 5188144.786678999662399 ], [ 576726.21999999997206, 5188144.786678999662399 ], [ 576726.21999999997206, 5188148.250780619680882 ], [ 576722.71999999997206, 5188150.84885683003813 ], [ 576724.71999999997206, 5188152.580907640047371 ], [ 576721.21999999997206, 5188155.17898385040462 ], [ 576721.71999999997206, 5188161.241161679849029 ], [ 576723.21999999997206, 5188158.643085460178554 ], [ 576726.21999999997206, 5188158.643085460178554 ], [ 576722.71999999997206, 5188162.973212479613721 ], [ 576722.71999999997206, 5188166.437314099632204 ], [ 576718.71999999997206, 5188166.437314099632204 ], [ 576718.21999999997206, 5188169.035390309989452 ], [ 576715.71999999997206, 5188169.90141571033746 ], [ 576715.21999999997206, 5188165.57128868997097 ], [ 576709.71999999997206, 5188161.241161679849029 ], [ 576707.71999999997206, 5188164.705263289622962 ], [ 576705.21999999997206, 5188163.839237890206277 ], [ 576705.21999999997206, 5188169.035390309989452 ], [ 576703.21999999997206, 5188170.767441119998693 ], [ 576706.21999999997206, 5188172.499491919763386 ], [ 576706.71999999997206, 5188175.097568140365183 ], [ 576709.71999999997206, 5188169.90141571033746 ], [ 576713.71999999997206, 5188169.90141571033746 ], [ 576718.21999999997206, 5188172.499491919763386 ], [ 576718.71999999997206, 5188175.097568140365183 ], [ 576715.21999999997206, 5188177.69564434979111 ], [ 576720.21999999997206, 5188177.69564434979111 ], [ 576716.71999999997206, 5188182.025771370157599 ], [ 576716.71999999997206, 5188187.221923789940774 ], [ 576712.71999999997206, 5188187.221923789940774 ], [ 576710.71999999997206, 5188183.757822169922292 ], [ 576708.21999999997206, 5188186.355898380279541 ], [ 576706.21999999997206, 5188181.159745959565043 ], [ 576703.71999999997206, 5188185.489872979931533 ], [ 576703.21999999997206, 5188177.69564434979111 ], [ 576699.21999999997206, 5188179.427695159800351 ], [ 576698.71999999997206, 5188176.829618940129876 ], [ 576695.720000009983778, 5188175.097568140365183 ], [ 576691.720000009983778, 5188175.097568140365183 ], [ 576691.220000009983778, 5188172.499491919763386 ], [ 576688.220000009983778, 5188170.767441119998693 ], [ 576689.720000009983778, 5188168.169364909641445 ], [ 576687.220000009983778, 5188167.303339499980211 ], [ 576686.720000009983778, 5188164.705263289622962 ], [ 576684.220000009983778, 5188165.57128868997097 ], [ 576683.720000009983778, 5188161.241161679849029 ], [ 576681.220000009983778, 5188163.839237890206277 ], [ 576677.720000009983778, 5188157.777060059830546 ], [ 576679.220000009983778, 5188155.17898385040462 ], [ 576675.220000009983778, 5188156.911034660413861 ], [ 576676.220000009983778, 5188153.446933040395379 ], [ 576673.720000009983778, 5188154.312958450056612 ], [ 576665.720000009983778, 5188140.456551980227232 ], [ 576667.220000009983778, 5188139.590526579879224 ], [ 576670.220000009983778, 5188141.322577389888465 ], [ 576668.720000009983778, 5188136.992450370453298 ], [ 576670.720000009983778, 5188135.260399560444057 ], [ 576673.220000009983778, 5188136.12642497010529 ], [ 576675.220000009983778, 5188139.590526579879224 ], [ 576676.720000009983778, 5188136.992450370453298 ], [ 576679.220000009983778, 5188139.590526579879224 ], [ 576682.720000009983778, 